epoch,batch,trial,tr_loss_classifier,tr_loss_reconstruction,tr_loss_y_kl,tr_loss_y_kl_uniform,tr_kl_weight,tr_loss_z_kl,tr_loss,dataset,best_val_epoch,val_loss_classifier,val_loss_reconstruction,val_loss_y_kl,val_loss_y_kl_uniform,val_kl_weight,val_loss_z_kl,val_loss
0,8,-1,0.0,80.3684450785319,4.950324800279406,4.950324800279406,0.09999999999999999,0.08322350250350105,165.0285356309679,-1,,,,,,,,
1,8,-1,,,,,,,,-1,1.0,0.0,95.33545684814453,4.926685571670532,4.926685571670532,0.1,0.08107103109359742,182.9307861328125
1,8,-1,0.0,79.54761505126953,4.784245120154487,4.784245120154487,0.09999999999999999,0.08232728640238446,159.20833163791232,-1,,,,,,,,
2,8,-1,,,,,,,,-1,2.0,0.0,92.04853439331055,4.574638843536377,4.574638843536377,0.1,0.07844963371753694,168.24495697021484
2,8,-1,0.0,76.8916998969184,4.381666051016913,4.381666051016913,0.09999999999999999,0.07780496544308133,146.114862230089,-1,,,,,,,,
3,8,-1,,,,,,,,-1,3.0,0.0,89.90258026123047,4.321434736251831,4.321434736251831,0.1,0.07673641443252563,157.27125549316406
3,8,-1,0.0,75.80287255181207,4.169587214787801,4.169587214787801,0.09999999999999999,0.07786140441894532,137.87215932210287,-1,,,,,,,,
4,8,-1,,,,,,,,-1,4.0,0.0,88.69204711914062,3.8483463525772095,3.8483463525772095,0.1,0.07565359175205232,146.57929229736328
4,8,-1,0.0,73.57646942138672,3.810975366168552,3.810975366168552,0.09999999999999999,0.07503412365913391,127.78899044460721,-1,,,,,,,,
