epoch,batch,trial,tr_loss_classifier,tr_loss_reconstruction,tr_loss_py,tr_loss_y_kl,tr_kl_weight,tr_loss_z_kl,tr_loss,dataset,best_val_epoch,val_loss_classifier,val_loss_reconstruction,val_loss_py,val_loss_y_kl,val_kl_weight,val_loss_z_kl,val_loss
0,8,-1,68.54213968912761,71.51328404744466,1.488532370991177,0.8044838375515408,0.09999999999999999,0.08443047934108311,149.67322455512152,-1,,,,,,,,
1,8,-1,,,,,,,,-1,1.0,68.13282012939453,85.16836166381836,1.472617506980896,0.7269159555435181,0.1,0.08178729414939881,162.12474060058594
1,8,-1,68.5025151570638,71.16055891248915,1.487449394332038,0.7702930702103509,0.09999999999999999,0.0823306957880656,148.93578932020398,-1,,,,,,,,
