epoch,batch,trial,tr_loss_classifier,tr_loss_reconstruction,tr_loss_y_kl,tr_loss_y_kl_uniform,tr_kl_weight,tr_loss_z_kl,tr_loss,dataset,best_val_epoch,val_loss_classifier,val_loss_reconstruction,val_loss_y_kl,val_loss_y_kl_uniform,val_kl_weight,val_loss_z_kl,val_loss
0,8,-1,0.0,80.3684450785319,4.950324800279406,4.950324800279406,0.09999999999999999,0.09506949649916757,130.66823408338757,-1,,,,,,,,
1,8,-1,,,,,,,,-1,1.0,0.0,95.33470153808594,4.905904054641724,4.905904054641724,0.1,0.08967155814170838,145.2769775390625
1,8,-1,0.0,79.5472878350152,4.7729728486802845,4.7729728486802845,0.09999999999999999,0.09392544958326551,128.01704745822482,-1,,,,,,,,
2,8,-1,,,,,,,,-1,2.0,0.0,92.04751205444336,4.531574487686157,4.531574487686157,0.1,0.09853703975677491,138.13020706176758
2,8,-1,0.0,76.89224073621962,4.350608931647407,4.350608931647407,0.09999999999999999,0.09409193065431383,121.03662109375,-1,,,,,,,,
